<?xml version="1.0" encoding="UTF-8" ?>
<!DOCTYPE mapper PUBLIC "-//mybatis.org//DTD Mapper 3.0//EN"
        "http://mybatis.org/dtd/mybatis-3-mapper.dtd" >
<mapper namespace="com.abdecd.moebackend.business.dao.mapper.BangumiVideoGroupMapper">

    <update id="update" parameterType="com.abdecd.moebackend.business.dao.entity.BangumiVideoGroup">
        UPDATE bangumi_video_group
        <set>
            <if test="video_group_id != null">
                video_group_id = #{videoGroupId},
            </if>
            <if test="releaseTime != null">
                release_time = #{releaseTime},
            </if>
            <if test="updateAtAnnouncement != null">
                update_at_announcement = #{updateAtAnnouncement},
            </if>
            <if test="status != null">
                status = #{status},
            </if>
        </set>
        WHERE video_group_id = #{videoGroupId}
    </update>


</mapper>